[{"model": "backend.source", "pk": 1, "fields": {"name": "Painting"}}, {"model": "backend.source", "pk": 2, "fields": {"name": "Zoo"}}, {"model": "backend.collection", "pk": 7, "fields": {"source": 1, "name": "American Art"}}, {"model": "backend.collection", "pk": 8, "fields": {"source": 1, "name": "European Art"}}, {"model": "backend.collection", "pk": 9, "fields": {"source": 1, "name": "Contemporary Art"}}, {"model": "backend.collection", "pk": 10, "fields": {"source": 1, "name": "Modern Art"}}, {"model": "backend.collection", "pk": 11, "fields": {"source": 1, "name": "Arms and Armor"}}, {"model": "backend.collection", "pk": 12, "fields": {"source": 1, "name": "Asian Art"}}, {"model": "backend.collection", "pk": 13, "fields": {"source": 2, "name": "River's Edge"}}, {"model": "backend.collection", "pk": 14, "fields": {"source": 2, "name": "The Wild"}}, {"model": "backend.collection", "pk": 16, "fields": {"source": 2, "name": "Historic Hill"}}, {"model": "backend.collection", "pk": 17, "fields": {"source": 2, "name": "Red Rocks"}}, {"model": "backend.badge", "pk": 1, "fields": {"collection": 7, "image_link": "http://localhost:8000/static/badges/american-art-badge.png"}}, {"model": "backend.badge", "pk": 2, "fields": {"collection": 10, "image_link": "http://localhost:8000/static/badges/modern-art-badge.png"}}, {"model": "backend.badge", "pk": 3, "fields": {"collection": 17, "image_link": "http://localhost:8000/static/badges/red-rocks-badge.png"}}, {"model": "backend.badge", "pk": 4, "fields": {"collection": 12, "image_link": "http://localhost:8000/static/badges/asian-art-badge.png"}}, {"model": "backend.badge", "pk": 5, "fields": {"collection": 14, "image_link": "http://localhost:8000/static/badges/the-wild-badge.png"}}, {"model": "backend.badge", "pk": 6, "fields": {"collection": 16, "image_link": "http://localhost:8000/static/badges/historic-hill-badge.png"}}, {"model": "backend.item", "pk": 35, "fields": {"title": "Road Down the Palisades", "author": "Ernest Lawson", "location": "On View, Gallery 334", "description": "In this painting, the curve of the road directs attention deep into the landscape, past a screen of wiry trees to the Hudson River beyond. A cloud-filled sky and dirty patches of snow communicate the dreariness of an overcast winter day, but the scene is invigorated by bright spots of blue and red.", "image_link": "http://emuseum.slam.org/internal/media/dispatcher/12201/preview;jsessionid=D4C2A60BE27AA554FA9BF785804D94BE", "type": "Painting", "collection": 7}}, {"model": "backend.item", "pk": 39, "fields": {"title": "Posthumous Miracle of St. Stephen", "author": "circle of ", "location": "On View, Gallery 222", "description": "A haloed saint wearing the tunic of a deacon stands outside the walls of a city and appears to resuscitate a group of interred bodies. The subject may be a miracle performed by Saint Stephen, an early Christian martyr who raised six people from the dead. The group of observers on the right includes people of different social classes. The two men in the foreground wear furlined coats and large hats that were fashionable among the wealthy in the 15th century. The hood and straw hat worn by the onlookers behind them indicate that they are part of a less elevated social group.", "image_link": "http://emuseum.slam.org/internal/media/dispatcher/126007/preview;jsessionid=971AA4639256927C8449E1FA66AF398B", "type": "Painting", "collection": 8}}, {"model": "backend.item", "pk": 40, "fields": {"title": "Processional Cross", "author": "Spanish", "location": "On View, Gallery 236", "description": "The profusion of decoration on this cross testifies to the superior skills of Spanish silversmiths as much as to the importance of the cross in Christian ritual. The many curved, angled, and radiating forms, as well as the narrative illustrations on front and back, were made by hammering the silver from the inside to create three-dimensional elements. This technique, called repouss\u00e9, allows for a lighter cross. Had the forms been cast in solid silver, the cross would not be as easy to carry in processions both within the church as well as to gravesites.", "image_link": "http://emuseum.slam.org/internal/media/dispatcher/18382/preview;jsessionid=E998611D49900922480516311CCB84F6", "type": "Painting", "collection": 8}}, {"model": "backend.item", "pk": 41, "fields": {"title": "St. Helena and the Emperor Constantine Presented to the Holy Trinity by the Virgin Mary", "author": "Corrado Giaquinto", "location": "On View, Gallery 204", "description": "This sketch for a church ceiling is organized into three main groups of figures to make it comprehensible to viewers standing on the floor below. At the top, Jesus Christ, the central figure of Christianity, holds a flag and kneels in front of a cross, symbol of his death. In the middle section, Christ\u2019s mother the Virgin Mary, garbed in bright blue, looks up  at Jesus as she beckons to St. Helena, kneeling at the left. The saint presents her own son, the emperor Constantine.  In the lowest grouping, St. Michael the archangel vanquishes a group of heretics and topples Lucifer from his throne.   \n\nThe artist presented this very finished sketch to Pope Benedict XIV (1675\u20131758) for approval before painting the ceiling of the Church of the Holy Cross in Jerusalem, where his work can still be seen today. The painting and a newly-designed fa\u00e7ade were part of the pope\u2019s effort to refurbish the Roman basilica he served before ascending to the papacy.", "image_link": "http://emuseum.slam.org/internal/media/dispatcher/4029/preview;jsessionid=53410BA3FED14BB45B053C5CA6D4089D", "type": "Painting", "collection": 8}}, {"model": "backend.item", "pk": 42, "fields": {"title": "The Obelisk", "author": "Hubert Robert", "location": "On View, Gallery 202", "description": null, "image_link": "http://emuseum.slam.org/internal/media/dispatcher/71772/preview;jsessionid=246D412C70B18ADB3A270ABFC0EE32FC", "type": "Painting", "collection": 8}}, {"model": "backend.item", "pk": 43, "fields": {"title": "Interior of St. Peter's, Rome", "author": "Giovanni Paolo Panini", "location": "On View, Gallery 202", "description": "The vastness of the nave of St. Peter's is the true subject of this painting. Intended as a keepsake from the original owner's visit to Rome, the picture accurately records the appearance of the great Roman basilica. The artist has, however, manipulated one detail. He has moved the papal coat of arms in the ceiling one section (or bay) farther into the fictive space of the picture, thus emphasizing the size and grandeur of the building.", "image_link": "http://emuseum.slam.org/internal/media/dispatcher/71121/preview;jsessionid=66011A8D43B9900A6871BE35C85A0940", "type": "Painting", "collection": 8}}, {"model": "backend.item", "pk": 44, "fields": {"title": "Fantastic View of Tivoli", "author": "Hubert Robert", "location": "On View, Gallery 202", "description": "This ruined, round temple, from the early 1st century BC is traditionally identified as dedicated to the goddess Vesta. The temple was a popular destination for 18th-century travelers. Tourists would visit it en route to Hadrian's villa and the renowned 16th-century gardens of the Villa d'Este located approximately twenty-two miles northeast of Rome. Hubert Robert has added the rickety bridge and toiling worker to enhance the scene's dramatic impact.", "image_link": "http://emuseum.slam.org/internal/media/dispatcher/71775/preview;jsessionid=0B7323041AFC2F242A1FB64B979176C2", "type": "Painting", "collection": 8}}, {"model": "backend.item", "pk": 45, "fields": {"title": "Water Lilies", "author": "Claude Monet", "location": "On View, Gallery 218", "description": "Clusters of lilies float on a watery surface composed of violets, blues, and greens in this mural\u2013sized painting by Claude Monet. For twenty\u2013five years Monet obsessively illustrated the aquatic flower at various times of day from his home at Giverny in northern France.\n\nThis canvas originally formed the centerpiece of a triptych or three\u2013panel work. When installed with its counterparts from The Nelson\u2013Atkins Museum of Art and The Cleveland Museum of Art, the large\u2013scale paintings envelop the viewer in a seemingly infinite field of subtle hues and intangible beauty.", "image_link": "http://emuseum.slam.org/internal/media/dispatcher/71613/preview;jsessionid=EF6F4518208B11A472A1492FC929CA27", "type": "Painting", "collection": 8}}, {"model": "backend.item", "pk": 46, "fields": {"title": "Factories at Clichy", "author": "Vincent van Gogh", "location": "On View, Gallery 218", "description": "Vincent van Gogh has represented an expanse of factories bellowing smoke into the air in the gritty, industrial suburb of Clichy to the northwest of Paris. The scene is divided into three horizontal bands of fields, factories, and sky, while in the middle distance, two tiny figures (perhaps lovers) are visible in the field. Van Gogh\u2019s ordered system of repetitive brushwork reflects his awareness of the recent \u201cpointillist\u201d experiments of Seurat.", "image_link": "http://emuseum.slam.org/internal/media/dispatcher/3727/preview;jsessionid=A1B7BAF3D0ECE83BCF77CD91F5243EEC", "type": "Painting", "collection": 8}}, {"model": "backend.item", "pk": 47, "fields": {"title": "Charing Cross Bridge", "author": "Claude Monet", "location": "On View, Gallery 218", "description": "In this scene, a train puffs across the bridge as sunlight falls through the mist and creates shimmering patterns on the river surface. Claude Monet painted a series of about 30 paintings of the Charing Cross railroad bridge spanning the River Thames, each highlighting different light and weather effects. Monet was a noted Anglophile and painted this view on one of three visits to London between 1899 and 1901. He noted, \u201cI love London\u2026what I love, above all, is the fog.\u201d", "image_link": "http://emuseum.slam.org/internal/media/dispatcher/155/preview;jsessionid=695ADE390D71389E9AC9B950565E6FB0", "type": "Painting", "collection": 8}}, {"model": "backend.item", "pk": 48, "fields": {"title": "Tavern", "author": "Ernst Ludwig Kirchner", "location": "On View, Gallery 213", "description": "Three men dressed in dinner jackets drink at a table in the foreground. Behind them is a crimson curtain, decorated with arabesques and framing a view into an adjoining green room. Kirchner painted this work in Dresden, Germany and used high-key colors, influenced by French artist Henri Matisse, to convey the vibrant energy of modern city life. The artist and his fellow members of \"Die Br\u00fccke\" (The Bridge) artist group sought, in Kirchner\u2019s words, \u201cto draw their stimulus for creation directly from life and to subordinate themselves to experience.\u201d", "image_link": "http://emuseum.slam.org/internal/media/dispatcher/81928/preview;jsessionid=C3266285DD4F735C7411D7852D93E019", "type": "Painting", "collection": 8}}, {"model": "backend.item", "pk": 49, "fields": {"title": "To Cover the Earth with a New Dew", "author": "Roberto Matta", "location": "On View, Gallery 210", "description": "In this hallucinatory landscape, the sun rises over a scene of swarming white insects and bizarre green and pink orbs. Roberto Matta moved to Paris in 1935 and became a prominent figure in the Surrealist movement. This later work showcases his continued interest in automatic drawing and painting, where the hand moves freely, uninhibited by conscious thought. Matta described his paintings as \u201cthe subconscious in its burning, liquid state; a conscious daytime substitution of the phenomena of dreams.\u201d", "image_link": "http://emuseum.slam.org/internal/media/dispatcher/81947/preview;jsessionid=3790FB9C682183AFE35545F344D0CEC6", "type": "Painting", "collection": 9}}, {"model": "backend.item", "pk": 50, "fields": {"title": "Bethlehem", "author": "Franz Kline", "location": "On View, Gallery 258", "description": "Dark, velvety bands of paint intersect against fields of radiant white. Franz Kline\u2019s cruciform composition creates expressive tension through a set of formal oppositions: black and white, figure and ground, horizontal and vertical. While these angular forms may recall the iron girders or wooden beams of an industrial structure, visual reference gives way to overall abstraction. Often inspired by the stark landscapes of his home state, Kline named many of his abstract paintings, including Bethlehem, after Pennsylvania towns and counties.", "image_link": "http://emuseum.slam.org/internal/media/dispatcher/117750/preview;jsessionid=830A14C05452705C5069016570C053C0", "type": "Painting", "collection": 9}}, {"model": "backend.item", "pk": 51, "fields": {"title": "Most Wanted Men No. 12, Frank B.", "author": "Andy Warhol", "location": "On View, Gallery 254", "description": "Commissioned to create a mural for the 1964 World \u2019s Fair in New York, Andy Warhol silkscreened a series of paintings depicting the New York City Police Department\u2019s \u201cThirteen Most Wanted Men. \u201d By enlarging and elevating mug shots of the city \u2019s most dangerous fugitives, such as this profile of murderer Frank Bellone, Warhol examines the American tendency to merge criminality with celebrity. As the artist once said, \u201c\u2026if you\u2019re a crook you\u2019re still considered up-there. You can write books, go on TV, give interviews \u2014you \u2019re a big celebrity and nobody even looks down on you because you \u2019re a crook.\u201d", "image_link": "http://emuseum.slam.org/internal/media/dispatcher/17428/preview;jsessionid=3C45D1ADBB6C631DE1C6F1ECEEDF8404", "type": "Painting", "collection": 9}}, {"model": "backend.item", "pk": 52, "fields": {"title": "Why Can't I Stop Smoking?", "author": "Sigmar Polke", "location": "On View, Gallery 254", "description": "Sigmar Polke started to depict a figure at the bottom of this painting, but it seems the artist lost interest midstream. The content of the painting can be interpreted through the question written along the top. While others cannot stop smoking, Polke cannot stop painting\u2014despite the notion in some avant-garde circles that painting had become an exhausted means of artistic expression. At the time this work was painted, Polke and other German artists were greatly influenced by consumer culture and American Pop art.", "image_link": "http://emuseum.slam.org/internal/media/dispatcher/100209/preview;jsessionid=44166400D4530C5F72E834BBC34FA81C", "type": "Painting", "collection": 9}}, {"model": "backend.item", "pk": 53, "fields": {"title": "Breath", "author": "Kenneth Noland", "location": "On View, Gallery 257", "description": "A freely painted area of sky blue surrounds green and gold concentric rings and a solid blue circle at center. The edge of the outer blue area appears to undulate, creating the effect of counterclockwise rotation. Kenneth Noland produced his characteristic target-like format by staining thinned paint directly onto raw unprimed canvas, leaving some areas unpainted. The gestural perimeter of blue contrasts the meticulously painted circular rings.", "image_link": "http://emuseum.slam.org/internal/media/dispatcher/99001/preview;jsessionid=21EE9010CBAD5A45512A98C532AB93BE", "type": "Painting", "collection": 9}}, {"model": "backend.item", "pk": 54, "fields": {"title": "Grey Space (distractor)", "author": "Julie Mehretu", "location": "On View, Gallery 248", "description": "Brightly colored geometric forms float across this canvas, propelling dynamic motion while heightening the illusion of vast space. The artist produced such effects of constant activity and endless expansion by laboriously applying multiple layers of pigment, alternating between ink and acrylic. Through her characteristic use of drawing, the artist builds up the surface, mining imagery from maps, diagrams, architectural blueprints, and corporate logos. The result is a visual collision of detailed linearity with bold color, offering the spectator distinct modes of viewing\u2013from looking up close and from afar.", "image_link": "http://emuseum.slam.org/internal/media/dispatcher/72375/preview;jsessionid=7DFC2AB0F3EB46399CCD14491D7A95AC", "type": "Painting", "collection": 9}}, {"model": "backend.item", "pk": 55, "fields": {"title": "Pitcher and Fruit Bowl", "author": "Pablo Picasso", "location": "On View, Gallery 209", "description": "A pitcher, a philodendron plant, and a basket of fruit rest on a mantelpiece and are bound together by sweeping black lines. Pablo Picasso often invested his still lifes with secret meanings, and this work is a disguised portrait of his young and voluptuous lover, Marie-Th\u00e9r\u00e8se Walter. The pitcher is painted in the brilliant yellow often used to represent Marie-Th\u00e9r\u00e8se\u2019s hair while the green apple suggests the form of her breast and the curling black lines refer to the contours of her body.", "image_link": "http://emuseum.slam.org/internal/media/dispatcher/81952/preview;jsessionid=CB8BF4FAFF92151CF0433C26C32FBA04", "type": "Painting", "collection": 10}}, {"model": "backend.item", "pk": 56, "fields": {"title": "Mandolin and Vase of Flowers", "author": "Pablo Picasso", "location": "On View, Gallery 209", "description": "This composition is united by a horizontal  \u201cs\u201d curve which runs down the right-hand side of a flower vase and across the center of the composition, under a yellow piece of fruit, up the left side of a goblet, and around a mauve mandolin. Pablo Picasso\u2019s forms are rendered in color patches and dark outlines, creating an effect of stained glass. The signature at top left indicates that Picasso painted this work in a single day on April 14, 1934 at his country retreat of Boisgeloup, outside of Paris.", "image_link": "http://emuseum.slam.org/internal/media/dispatcher/68472/preview;jsessionid=9600D30DEC0E1B34EEAF94CF34D5E8D7", "type": "Painting", "collection": 10}}, {"model": "backend.item", "pk": 57, "fields": {"title": "Camaret, Moonlight and Fishing Boats", "author": "Maximilien Luce", "location": "On View, Gallery 218", "description": "In this atmospheric nocturnal scene, Maximilien Luce painted the fishing port of Camaret in Brittany in the far west of France. The artist emphasizes a sense of geometric structure by repeating the diagonal lines of the boats while using a palette of blues and violets to offset the intense yellow of the moon. Luce turned to Pointillism as a technique in 1887 and became a prominent figure in this group of neo-Impressionists who meticulously built up their canvases with thousands of dots and flecks of paint.", "image_link": "http://emuseum.slam.org/internal/media/dispatcher/127911/preview;jsessionid=4E044A1A7CB0EF36A771D2E94DDCBD5D", "type": "Painting", "collection": 10}}, {"model": "backend.item", "pk": 58, "fields": {"title": "Red Evening Sky", "author": "Emil Nolde", "location": "On View, Gallery 214", "description": "In this incandescent view animated by three sailboats, the sky is streaked with fuschia and mauve, and the setting sun is reflected on the sea. Emil Nolde\u2019s landscape is probably informed by his memories of the South Seas, which he had visited the previous year. Nolde believed that intense colors could evoke sounds as well as deep emotion; he wrote of \u201ccolors in vibration, pealing like silver bells and clanging like bronze bells, proclaiming happiness, passion and love, soul, blood, and death.\u201d", "image_link": "http://emuseum.slam.org/internal/media/dispatcher/7240/preview;jsessionid=3EC8CD483B8BCFF19C8F9275CC09CC44", "type": "Painting", "collection": 10}}, {"model": "backend.item", "pk": 59, "fields": {"title": "Bucolic Landscape", "author": "Heinrich Campendonk", "location": "On View, Gallery 214", "description": "Heinrich Campendonk, the youngest member of Der Blaue Reiter (The Blue Rider), was fascinated by the peasant culture of Southern Germany. Here he represents a young man in Bavarian folk costume, surrounded by four animals, trees, and flowers in a scene of pastoral harmony. Campendonk evolved a colorful visual language of cubistic, faceted forms influenced particularly by the work of his mentor, Franz Marc.", "image_link": "http://emuseum.slam.org/internal/media/dispatcher/68688/preview;jsessionid=62F46867231CA93242043B234FFF1421", "type": "Painting", "collection": 10}}, {"model": "backend.item", "pk": 60, "fields": {"title": "The Harbor of Genoa", "author": "Max Beckmann", "location": "On View, Gallery 213", "description": "Max Beckmann\u2019s atmospheric moonlit scene is a memory of the busy Italian port of Genoa which he had recently visited in 1926. Boats sit at rest in the harbor while two yellow trains puff into a station at bottom left. Beckmann\u2019s image combines views of near and far. His viewpoint is from his balcony ledge, which supports a vase of flowers, a stringed instrument, and chair draped with a jacket. The work reflects Beckmann\u2019s ongoing interest in urban, industrial scenes.", "image_link": "http://emuseum.slam.org/internal/media/dispatcher/80514/preview;jsessionid=FF924E65F45B6EAEDB5FC8A8D76BF0E6", "type": "Painting", "collection": 10}}, {"model": "backend.item", "pk": 61, "fields": {"title": "Mail Cape (so-called Bishop's Mantle)", "author": "probably ", "location": "On View, Gallery 125", "description": "Mail is one of the oldest forms of metal body armor, dating well before the birth of Christ. It was the primary metal armor in Europe until the appearance of plate armor. With the adoption of plate, the use of mail among the knightly class diminished, but it continued among lesser-ranking soldiers. Because of its similarity to the outer garment worn by certain Catholic clergy, this design has been nicknamed a \"bishop's mantle.\"", "image_link": "http://emuseum.slam.org/internal/media/dispatcher/19441/preview;jsessionid=B7D5944D24D9B19EC5CE0F3E048BC612", "type": "Painting", "collection": 11}}, {"model": "backend.item", "pk": 62, "fields": {"title": "Mace", "author": "probably Italian", "location": "On View, Gallery 125", "description": "In its simplest form, a mace is a club with a heavy striking head. When mail armor was the norm, maces were efficient arms, but they were far less effective against plate armor. In western Europe they became highly decorated signs of rank and can still be seen today in the form of governmental and royal maces.", "image_link": "http://emuseum.slam.org/internal/media/dispatcher/13958/preview;jsessionid=D32AF54A5C3F440F82FF4249D2949969", "type": "Painting", "collection": 11}}, {"model": "backend.item", "pk": 63, "fields": {"title": "Ballock Dagger", "author": "European", "location": "On View, Gallery 138", "description": "Thin-bladed daggers like this were handy for self-defense in the unsafe towns and cities of medieval Europe. This particular style of dagger with its straight handle and lobed guard was often suggestively placed at the center of the man's waist.", "image_link": "http://emuseum.slam.org/internal/media/dispatcher/14650/preview;jsessionid=0B69860909CC59012E3ADEEF9BF56B9A", "type": "Painting", "collection": 11}}, {"model": "backend.item", "pk": 64, "fields": {"title": "Sporting Crossbow", "author": "Swiss", "location": "On View, Gallery 138", "description": "The use of crossbows dates back to ancient China. By the Middle Ages, they had become a powerful weapon in Europe. Lighter crossbows could be spanned, or armed, by hand, while the heavier steel types, such as this one, required assistance in the form of a hand winder which, when placed atop the stock of the weapon and engaging the bowstring, mechanically drew it back by rotating the handle. The wood stock of this sporting bow is inlaid with engraved plaques depicting the life of that most famous of crossbowmen, William Tell.", "image_link": "http://emuseum.slam.org/internal/media/dispatcher/13961/preview;jsessionid=AC86B1301122D70099B44E0212B90299", "type": "Painting", "collection": 11}}, {"model": "backend.item", "pk": 65, "fields": {"title": "Wheel-lock Sporting Rifle (Tschinke)", "author": "Silesian", "location": "On View, Gallery 138", "description": "The name Tschinke derives from the city of Teschen (now Cieszyn in present-day Poland) where the rifles were produced. This light rifle for hunting birds and small game has a very distinctive form of wheel-lock ignition whose mechanism was mounted on the outside. The highly ornate decoration on this gun indicates that it was intended for a wealthy hunter.", "image_link": "http://emuseum.slam.org/internal/media/dispatcher/117820/preview;jsessionid=AE7DE1D77FDDAFB455B5C9F7E67B5361", "type": "Painting", "collection": 11}}, {"model": "backend.item", "pk": 66, "fields": {"title": "Head of a Buddha", "author": "Gandh\u0101ran", "location": "On View, Gallery 224", "description": "This head of a Buddha bears the distinguishing marks of an enlightened being. Atop his head is an usnisa, a topknot-like protuberance. In the middle of his forehead lies an urna, a circular tuft of hair. Long earlobes, stretched by weighty jewelry, reveal a former life as a prince. Additionally, the figure\u2019s half-closed eyes represent a constant state of meditative equanimity.\n\nThe gracefully idealized features represent a mixture of influences from Greece, Rome, Persia, and Central Asia. While the hair and some other features of this head were modeled by hand, the face was shaped in a mold. Examples of such molds have been excavated at Gandharan monasteries, indicating that sculptures were produced at the sites where they were installed. Originally richly polychromed, only traces of red, blue, and black remain.", "image_link": "http://emuseum.slam.org/internal/media/dispatcher/94563/preview;jsessionid=5A9B4B6C055B60CD367461A70CBCEAD6", "type": "Painting", "collection": 12}}, {"model": "backend.item", "pk": 67, "fields": {"title": "Seated Bodhisattva Avalokite\u015bvara (Guanyin)", "author": "Chinese", "location": "On View, Gallery 225", "description": null, "image_link": "http://emuseum.slam.org/internal/media/dispatcher/89752/preview;jsessionid=68B3BF89CEBACB131DEE06F5297E62CE", "type": "Painting", "collection": 12}}, {"model": "backend.item", "pk": 68, "fields": {"title": "Seated Figure of the Official of Earth (Di guan)", "author": "Chinese", "location": "On View, Gallery 232", "description": "Poised to hold a now missing sacred tablet, this larger than life bronze sculpture is from a set of identical deities that sat in a temple.  The large size and fine quality of this work required that it be constructed from intersecting pieces like a big puzzle.\nBut despite its great weight of over 2,000 pounds and its overwrought scale, this sculpture is finely proportioned and beautifully composed.  Although seated in a formal manner, the figure is animated by the flow of its voluminous robes from shoulders to feet.  The deity's eyes, lips, and clothing retain touches of gold.", "image_link": "http://emuseum.slam.org/internal/media/dispatcher/72866/preview;jsessionid=AA54D6E9E69D8AF8F4E7112C20B2CC26", "type": "Painting", "collection": 12}}, {"model": "backend.item", "pk": 69, "fields": {"title": "Snow Leopard", "author": "", "location": "", "description": "Snow leopards are well adapted to the cold climate of their homeland. They have an extra-large nasal cavity, which warms the air they breathe. And their large paws have fur-covered foot pads that act like built-in \"snowshoes.\" Last but not least, they have long body hair with an under-layer of dense fur that can be up to five inches thick. This plush coat is colored to blend in with the snowy, rocky surroundings: gray and white with black spots.", "image_link": "https://www.stlzoo.org/files/cache/6dde2021db7b49979782d5de7d5541ca.jpg", "type": "Big Cat", "collection": 17}}, {"model": "backend.item", "pk": 70, "fields": {"title": "Lion", "author": "", "location": "", "description": "African lions live in a number of different habitats: grassy plains, open woodlands, semi-desert areas, even high mountains. They eat anything they can catch and kill, including antelope, zebra and buffalo. Lions usually hunt with members of their family group, often by herding a prey animal towards other lions hidden in the bush. It is the adult females who do most of the hunting.", "image_link": "https://www.stlzoo.org/files/cache/3896f8862f537b7e48024d41ef0446f8.jpg", "type": "Big Cat", "collection": 17}}, {"model": "backend.item", "pk": 71, "fields": {"title": "Zebra", "author": "", "location": "", "description": "Adult Grevy's zebras don't form permanent herds like other species of horses and zebras. The only strong social bond is the one between a mare and her foal. Other adults (mares without foals, bachelors, juveniles, etc.) form loose social groups that may vary from day to day.\r\n\r\nGrevy's zebra stallions set up large territories, which they mark at the borders with large dung heaps. They mate with any mares that wander through in search of water and tasty grass. The better their territory's grass and water supplies, the better their chances of mating, and so the more offspring they'll produce.", "image_link": "https://www.stlzoo.org/files/cache/eb462f9a0a53d6621e8ef62edbbfef50_f2405.jpg", "type": null, "collection": 17}}, {"model": "backend.item", "pk": 72, "fields": {"title": "Grizzly Bear", "author": "", "location": "", "description": "Found in Alaska, western Canada and the northwestern United States, grizzly bears can weigh up to 1,400 pounds. They eat both plants and animals, and are very adept at fishing for salmon and trout. They rely on their sense of smell more than their hearing or sight, and often stand on their hind legs to sniff their surroundings. The grizzly is just one subspecies, or type, of brown bear.", "image_link": "https://www.stlzoo.org/files/cache/c3de6dd333db66f26c2f62ad0cb2777b_f6613.jpg", "type": "Bear", "collection": 14}}, {"model": "backend.item", "pk": 73, "fields": {"title": "Gentoo Penguin", "author": "", "location": "", "description": "Like all penguins, Gentoos have dense bones compared to birds that can fly. Actually, penguins evolved from \"flighted\" birds over 60 million years ago. Their flippers are really wings that have been modified for \"flying\" underwater. These \"flights\" can take them 350 feet deep to search for krill, fish and squid. Penguins have the largest number of feathers per square inch of any birds.", "image_link": "https://www.stlzoo.org/files/cache/ebbbf79b6eedf926ff8cf089fa78ece2.jpg", "type": "Bird", "collection": 14}}, {"model": "backend.item", "pk": 74, "fields": {"title": "Chimpanzee", "author": "", "location": "", "description": "", "image_link": "https://www.stlzoo.org/files/cache/b1241482f38ed6188f7e250b22023ec4_f572.jpg", "type": "Ape", "collection": 14}}, {"model": "backend.item", "pk": 75, "fields": {"title": "Cheetah", "author": "", "location": "", "description": "Cheetahs are made for sprinting. Their slender, streamlined body allows fast runs and their flexible spine and long legs enable the cat to take big strides. They also have over-sized lungs, heart, and breathing passages, so they're able to pump more oxygen during runs. Their long tail acts like a counter balance when running, and semi-retractable claws provide better traction during sprints.", "image_link": "https://www.stlzoo.org/files/cache/e563e2ac808a2a4d02b6f376314e3942_f521.jpg", "type": "Cat", "collection": 13}}, {"model": "backend.item", "pk": 76, "fields": {"title": "Spotted Hyena", "author": "", "location": "African Nile", "description": "The spotted hyena is one of the many large carnivores (meat-eaters) on the African savanna. Although many people think of it as a scavenger, the hyena is actually more of a predator. It is an expert hunter that travels in packs of up to 20 or more animals.", "image_link": "https://www.stlzoo.org/files/cache/a5454fe47139c1425593291ff1fd8eca.jpg", "type": null, "collection": 13}}, {"model": "backend.item", "pk": 77, "fields": {"title": "Black Rhinoceros", "author": "", "location": "", "description": "The black rhino is an imposing animal, weighing in at more than one ton. Its habit of charging at moving objects makes it a mammal to be avoided, especially since its eyesight isn't great.\r\n\r\nThis species has two horns. The front (anterior) horn is larger and measures up to 55 inches, while the rear (posterior) horn is smaller and measures up to 22 inches. Rhino horns are made of keratin, or densely compressed hair. Keratin is the same material that makes up human hair and fingernails.", "image_link": "https://www.stlzoo.org/files/cache/6af3d6804d078597eb1147c796f4df56_f3255.jpg", "type": "Horned Mammal", "collection": 13}}, {"model": "backend.item", "pk": 78, "fields": {"title": "Ball Python", "author": "", "location": "", "description": "This snake gets its name from its habit of curling into a ball when it feels threatened. The ball python is one of the smaller species of pythons, reaching only about five feet in length. It lives on the ground, where it searches for small mammals, birds, lizards and even eggs to eat. Like all pythons, this animal kills its food by crushing it to death with its powerful coils.", "image_link": "https://www.stlzoo.org/files/cache/02a19c9d0de2a20cbbac7e743b16790c_f202.jpg", "type": "Snake", "collection": 16}}, {"model": "backend.item", "pk": 79, "fields": {"title": "Green-and-black Poison Dart Frog", "author": "", "location": "", "description": "The bright colors of these frogs serve as a warning that they have numerous poison glands on the surface of their body that emit toxic secretions. Local people have long made use of the frogs to supply poisons for their blowgun darts. Now scientists are investigating the potential of one of the frogs\u2019 toxins \u2013 called epibatidine \u2013 for use as powerful new painkiller that may have the benefits of morphine without its damaging side effects. The extract from the frog's skin has been shown to block pain 200 times more effectively than morphine.", "image_link": "https://www.stlzoo.org/files/cache/26a77c5bf34510b7a0fc55569599016f_f1629.jpg", "type": null, "collection": 16}}, {"model": "backend.item", "pk": 80, "fields": {"title": "Dwarf Caiman", "author": "", "location": "", "description": "This small, primitive species is often referred to as the smooth-fronted caiman due to the lack of bony ridges around the eyes and across the snout. The reddish colored head and mottled jaws provide excellent camouflage as it sits among floating dead leaves in rivers and streams. This solitary, territorial reptile is generally active only after dark.", "image_link": "https://www.stlzoo.org/files/cache/b7f312f4713a5da721c03273b1fbefbb.jpg", "type": "Croco", "collection": 16}}, {"model": "backend.choice", "pk": 1, "fields": {"item": 35, "text": "Hudson River", "correct": true}}, {"model": "backend.choice", "pk": 2, "fields": {"item": 35, "text": "Louvre River", "correct": false}}, {"model": "backend.choice", "pk": 3, "fields": {"item": 35, "text": "River Styz", "correct": false}}, {"model": "backend.choice", "pk": 4, "fields": {"item": 35, "text": "Hudson River", "correct": true}}, {"model": "backend.choice", "pk": 5, "fields": {"item": 35, "text": "River Styx", "correct": false}}, {"model": "backend.choice", "pk": 6, "fields": {"item": 35, "text": "Louvre", "correct": false}}, {"model": "backend.choice", "pk": 7, "fields": {"item": 35, "text": "Hudson Bay", "correct": false}}, {"model": "auth.user", "pk": 1, "fields": {"password": "pbkdf2_sha256$120000$ttuICof20GOq$EVSjIrigDDfD3Rf2iD2H8VMt0HGupCyrSg8EBaZOnBw=", "last_login": "2018-10-23T21:08:36.650Z", "is_superuser": true, "username": "mechasparrow", "first_name": "", "last_name": "", "email": "mechasparrow@gmail.com", "is_staff": true, "is_active": true, "date_joined": "2018-10-22T17:24:42.425Z", "groups": [], "user_permissions": []}}, {"model": "sessions.session", "pk": "918me6ksea1v1fj2fbabkkw4ehdc2m0p", "fields": {"session_data": "MWExNjQ4YTY1NmVmNGRjNzgyYzhkNTBlYTMyZTdjNjU1YmE1ZmZmZjp7Il9hdXRoX3VzZXJfaWQiOiIxIiwiX2F1dGhfdXNlcl9iYWNrZW5kIjoiZGphbmdvLmNvbnRyaWIuYXV0aC5iYWNrZW5kcy5Nb2RlbEJhY2tlbmQiLCJfYXV0aF91c2VyX2hhc2giOiI1MzM3N2YzMjIwMTAzOWI5ZWYwMjBkMWZiMzdjMDUyZDgxNTc3OTI1In0=", "expire_date": "2018-11-06T21:08:36.667Z"}}, {"model": "sessions.session", "pk": "kgv3mor6l6kf0587fjoh9mefrp7w46ao", "fields": {"session_data": "MWExNjQ4YTY1NmVmNGRjNzgyYzhkNTBlYTMyZTdjNjU1YmE1ZmZmZjp7Il9hdXRoX3VzZXJfaWQiOiIxIiwiX2F1dGhfdXNlcl9iYWNrZW5kIjoiZGphbmdvLmNvbnRyaWIuYXV0aC5iYWNrZW5kcy5Nb2RlbEJhY2tlbmQiLCJfYXV0aF91c2VyX2hhc2giOiI1MzM3N2YzMjIwMTAzOWI5ZWYwMjBkMWZiMzdjMDUyZDgxNTc3OTI1In0=", "expire_date": "2018-11-05T17:24:47.402Z"}}, {"model": "admin.logentry", "pk": 1, "fields": {"action_time": "2018-10-22T17:26:43.096Z", "user": 1, "content_type": 3, "object_id": "2", "object_repr": "Zoo", "action_flag": 1, "change_message": "[{\"added\": {}}]"}}, {"model": "admin.logentry", "pk": 2, "fields": {"action_time": "2018-10-22T17:31:23.531Z", "user": 1, "content_type": 1, "object_id": "13", "object_repr": "River's Edge", "action_flag": 1, "change_message": "[{\"added\": {}}]"}}, {"model": "admin.logentry", "pk": 3, "fields": {"action_time": "2018-10-22T17:31:29.069Z", "user": 1, "content_type": 1, "object_id": "14", "object_repr": "The Wild", "action_flag": 1, "change_message": "[{\"added\": {}}]"}}, {"model": "admin.logentry", "pk": 4, "fields": {"action_time": "2018-10-22T17:31:36.969Z", "user": 1, "content_type": 1, "object_id": "15", "object_repr": "Discovery Center", "action_flag": 1, "change_message": "[{\"added\": {}}]"}}, {"model": "admin.logentry", "pk": 5, "fields": {"action_time": "2018-10-22T17:31:46.207Z", "user": 1, "content_type": 1, "object_id": "16", "object_repr": "Historic Hill", "action_flag": 1, "change_message": "[{\"added\": {}}]"}}, {"model": "admin.logentry", "pk": 6, "fields": {"action_time": "2018-10-22T17:31:52.633Z", "user": 1, "content_type": 1, "object_id": "17", "object_repr": "Red Rocks", "action_flag": 1, "change_message": "[{\"added\": {}}]"}}, {"model": "admin.logentry", "pk": 7, "fields": {"action_time": "2018-10-22T17:32:00.389Z", "user": 1, "content_type": 1, "object_id": "18", "object_repr": "Lakeside Crossing", "action_flag": 1, "change_message": "[{\"added\": {}}]"}}, {"model": "admin.logentry", "pk": 8, "fields": {"action_time": "2018-10-22T17:48:24.373Z", "user": 1, "content_type": 2, "object_id": "35", "object_repr": "Road Down the Palisades", "action_flag": 2, "change_message": "[{\"deleted\": {\"name\": \"choice\", \"object\": \"Meh\"}}, {\"deleted\": {\"name\": \"choice\", \"object\": \"Nah\"}}, {\"deleted\": {\"name\": \"choice\", \"object\": \"Nah\"}}]"}}, {"model": "admin.logentry", "pk": 9, "fields": {"action_time": "2018-10-22T17:48:49.098Z", "user": 1, "content_type": 2, "object_id": "35", "object_repr": "Road Down the Palisades", "action_flag": 2, "change_message": "[{\"added\": {\"name\": \"choice\", \"object\": \"Hudson River\"}}, {\"added\": {\"name\": \"choice\", \"object\": \"River Styx\"}}, {\"added\": {\"name\": \"choice\", \"object\": \"Louvre\"}}, {\"added\": {\"name\": \"choice\", \"object\": \"Hudson Bay\"}}]"}}, {"model": "admin.logentry", "pk": 10, "fields": {"action_time": "2018-10-22T17:50:02.702Z", "user": 1, "content_type": 2, "object_id": "38", "object_repr": "Still Life with a Basket of Fruit", "action_flag": 3, "change_message": ""}}, {"model": "admin.logentry", "pk": 11, "fields": {"action_time": "2018-10-22T17:50:02.716Z", "user": 1, "content_type": 2, "object_id": "37", "object_repr": "Swing Low, Sweet Chariot", "action_flag": 3, "change_message": ""}}, {"model": "admin.logentry", "pk": 12, "fields": {"action_time": "2018-10-22T17:50:02.722Z", "user": 1, "content_type": 2, "object_id": "36", "object_repr": "Boxcars, Minneapolis #2", "action_flag": 3, "change_message": ""}}, {"model": "admin.logentry", "pk": 13, "fields": {"action_time": "2018-10-22T17:51:42.126Z", "user": 1, "content_type": 2, "object_id": "42", "object_repr": "The Obelisk", "action_flag": 3, "change_message": ""}}, {"model": "admin.logentry", "pk": 14, "fields": {"action_time": "2018-10-22T17:57:23.059Z", "user": 1, "content_type": 2, "object_id": "62", "object_repr": "Mace", "action_flag": 2, "change_message": "[{\"changed\": {\"fields\": [\"author\", \"description\"]}}]"}}, {"model": "admin.logentry", "pk": 15, "fields": {"action_time": "2018-10-22T17:59:46.116Z", "user": 1, "content_type": 2, "object_id": "62", "object_repr": "Mace", "action_flag": 2, "change_message": "[{\"changed\": {\"fields\": [\"author\", \"description\"]}}]"}}, {"model": "admin.logentry", "pk": 16, "fields": {"action_time": "2018-10-22T18:01:14.994Z", "user": 1, "content_type": 2, "object_id": "62", "object_repr": "Mace", "action_flag": 2, "change_message": "[{\"changed\": {\"fields\": [\"description\"]}}]"}}, {"model": "admin.logentry", "pk": 17, "fields": {"action_time": "2018-10-22T18:01:23.551Z", "user": 1, "content_type": 2, "object_id": "62", "object_repr": "Mace", "action_flag": 2, "change_message": "[{\"changed\": {\"fields\": [\"description\"]}}]"}}, {"model": "admin.logentry", "pk": 18, "fields": {"action_time": "2018-10-23T12:27:49.384Z", "user": 1, "content_type": 2, "object_id": "69", "object_repr": "Snow Leopard", "action_flag": 1, "change_message": "[{\"added\": {}}]"}}, {"model": "admin.logentry", "pk": 19, "fields": {"action_time": "2018-10-23T12:28:13.503Z", "user": 1, "content_type": 2, "object_id": "69", "object_repr": "Snow Leopard", "action_flag": 2, "change_message": "[]"}}, {"model": "admin.logentry", "pk": 20, "fields": {"action_time": "2018-10-23T12:28:48.876Z", "user": 1, "content_type": 2, "object_id": "70", "object_repr": "Lion", "action_flag": 1, "change_message": "[{\"added\": {}}]"}}, {"model": "admin.logentry", "pk": 21, "fields": {"action_time": "2018-10-23T15:37:08.544Z", "user": 1, "content_type": 2, "object_id": "71", "object_repr": "Zebra", "action_flag": 1, "change_message": "[{\"added\": {}}]"}}, {"model": "admin.logentry", "pk": 22, "fields": {"action_time": "2018-10-23T17:33:59.472Z", "user": 1, "content_type": 1, "object_id": "18", "object_repr": "Lakeside Crossing", "action_flag": 3, "change_message": ""}}, {"model": "admin.logentry", "pk": 23, "fields": {"action_time": "2018-10-23T17:34:42.154Z", "user": 1, "content_type": 1, "object_id": "15", "object_repr": "Discovery Center", "action_flag": 3, "change_message": ""}}, {"model": "admin.logentry", "pk": 24, "fields": {"action_time": "2018-10-23T17:41:16.798Z", "user": 1, "content_type": 2, "object_id": "72", "object_repr": "Grizzly Bear", "action_flag": 1, "change_message": "[{\"added\": {}}]"}}, {"model": "admin.logentry", "pk": 25, "fields": {"action_time": "2018-10-23T17:41:58.896Z", "user": 1, "content_type": 2, "object_id": "73", "object_repr": "Gentoo Penguin", "action_flag": 1, "change_message": "[{\"added\": {}}]"}}, {"model": "admin.logentry", "pk": 26, "fields": {"action_time": "2018-10-23T17:42:32.793Z", "user": 1, "content_type": 2, "object_id": "74", "object_repr": "Chimpanzee", "action_flag": 1, "change_message": "[{\"added\": {}}]"}}, {"model": "admin.logentry", "pk": 27, "fields": {"action_time": "2018-10-23T17:45:23.258Z", "user": 1, "content_type": 2, "object_id": "75", "object_repr": "Cheetah", "action_flag": 1, "change_message": "[{\"added\": {}}]"}}, {"model": "admin.logentry", "pk": 28, "fields": {"action_time": "2018-10-23T17:46:10.878Z", "user": 1, "content_type": 2, "object_id": "76", "object_repr": "Spotted Hyena", "action_flag": 1, "change_message": "[{\"added\": {}}]"}}, {"model": "admin.logentry", "pk": 29, "fields": {"action_time": "2018-10-23T17:46:57.310Z", "user": 1, "content_type": 2, "object_id": "77", "object_repr": "Black Rhinoceros", "action_flag": 1, "change_message": "[{\"added\": {}}]"}}, {"model": "admin.logentry", "pk": 30, "fields": {"action_time": "2018-10-23T17:49:52.420Z", "user": 1, "content_type": 2, "object_id": "78", "object_repr": "Ball Python", "action_flag": 1, "change_message": "[{\"added\": {}}]"}}, {"model": "admin.logentry", "pk": 31, "fields": {"action_time": "2018-10-23T17:51:20.294Z", "user": 1, "content_type": 2, "object_id": "79", "object_repr": "Green-and-black Poison Dart Frog", "action_flag": 1, "change_message": "[{\"added\": {}}]"}}, {"model": "admin.logentry", "pk": 32, "fields": {"action_time": "2018-10-23T17:51:55.344Z", "user": 1, "content_type": 2, "object_id": "80", "object_repr": "Dwarf Caiman", "action_flag": 1, "change_message": "[{\"added\": {}}]"}}, {"model": "admin.logentry", "pk": 33, "fields": {"action_time": "2018-10-23T21:08:51.564Z", "user": 1, "content_type": 11, "object_id": "1", "object_repr": "American Art", "action_flag": 1, "change_message": "[{\"added\": {}}]"}}, {"model": "admin.logentry", "pk": 34, "fields": {"action_time": "2018-10-23T21:13:02.965Z", "user": 1, "content_type": 11, "object_id": "2", "object_repr": "Modern Art", "action_flag": 1, "change_message": "[{\"added\": {}}]"}}, {"model": "admin.logentry", "pk": 35, "fields": {"action_time": "2018-10-23T21:17:52.100Z", "user": 1, "content_type": 11, "object_id": "2", "object_repr": "Modern Art", "action_flag": 2, "change_message": "[]"}}, {"model": "admin.logentry", "pk": 36, "fields": {"action_time": "2018-10-23T21:17:57.836Z", "user": 1, "content_type": 11, "object_id": "3", "object_repr": "Red Rocks", "action_flag": 1, "change_message": "[{\"added\": {}}]"}}, {"model": "admin.logentry", "pk": 37, "fields": {"action_time": "2018-10-24T03:10:35.823Z", "user": 1, "content_type": 11, "object_id": "4", "object_repr": "Asian Art", "action_flag": 1, "change_message": "[{\"added\": {}}]"}}, {"model": "admin.logentry", "pk": 38, "fields": {"action_time": "2018-10-24T03:11:04.374Z", "user": 1, "content_type": 11, "object_id": "5", "object_repr": "The Wild", "action_flag": 1, "change_message": "[{\"added\": {}}]"}}, {"model": "admin.logentry", "pk": 39, "fields": {"action_time": "2018-10-24T03:11:19.420Z", "user": 1, "content_type": 11, "object_id": "6", "object_repr": "Historic Hill", "action_flag": 1, "change_message": "[{\"added\": {}}]"}}]